id,title,llm_label
t3_1p0obyl,LTA faculty job losses among budget cuts by Concordia University,Academic Admin / Degree Progress
t3_1p0mrzz,"Masters in Urban Planning, Geography, and Environmental Studies",Academic Admin / Degree Progress
t3_1oz73dy,Whose idea was it to revamp the Concordia app?,Campus Facilities & Services
t3_1oz45jw,Can i use my opus student pass in REM??,Campus Facilities & Services
t3_1oyvgpp,What is the process for readmission when you have already entered a different cegep before you take a break ?,Academic Admin / Degree Progress
t3_1p1lc83,Need to interview graduate student,Exams & Courses
t3_1ozwc3e,Is health care plan available for part time students?,"Health, Immigration & Well-Being"
t3_1p1lpb3,"Seriously, who the fuck are even these guys",General Discussion
t3_1p0cx9i,the REM is cursed,General Discussion
t3_1ozbpdk,MApCompSc Course registration for Winter 2026 intake?,Academic Admin / Degree Progress
t3_1p0mle5,"COMP 346, COMP 333, and COMP 432",Exams & Courses
t3_1oybxvl,Stingers dome,Campus Facilities & Services
t3_1p0d8gd,Fall 2026,Academic Admin / Degree Progress
t3_1p0gijb,Comm221,Exams & Courses
t3_1p0nrgg,Finals for Comp 232,Exams & Courses
t3_1oz4i8q,Comm214 checkmark tutorial,Exams & Courses
t3_1ozzql9,Who's better between Cerrie Rogers and Xavier Ottenwaelder for Chem 205?,Exams & Courses
t3_1oywgz0,Adobe Creative Cloud license request form?,ERROR
t3_1p0vp43,What master’s programs are open to people who want to switch fields and don’t have the related bachelor’s?,ERROR
t3_1p0jg8l,COMM 309 Crash,ERROR
t3_1oud4l8,Math 180 notes today lecture,ERROR
t3_1owiunb,Late S/U?,ERROR
t3_1p0nx24,Econ 302 midterm grade,ERROR
t3_1p0pqkp,Urgent help regarding transfer credits,ERROR
t3_1ouz4gb,CS Complementary Course Substitution Question,ERROR
t3_1p0b2w3,Stats vs Comp Minor,ERROR
t3_1ovuvuc,PSYC337 midterm,ERROR
t3_1ovwm0q,COMP 520 Compiler Design,ERROR
t3_1p0l2up,security in mcconnell,ERROR
t3_1p0von4,What master’s programs are open to people who want to switch fields and don’t have the related bachelor’s?,ERROR
t3_1ou0w79,What would make the STM fare system better in your opinion?,ERROR
t3_1ouy46u,What’s the difference between level 300 and level 400 political science courses?,ERROR
t3_1oug9a6,Contacting supervisors for MA,ERROR
t3_1oy6fht,GEOG 308 Final Project,ERROR
t3_1owmvpa,History between McGill and UVic (British Columbia),ERROR
t3_1p0s57s,External Oral Exam at McGill,ERROR
t3_1p1i384,Wifi,ERROR
t3_1ozv3sd,Say hi to the shyest squirrel I've ever met,ERROR
t3_1oubf5n,Avoid front gates if you don't have waterproof boots,ERROR
t3_1owxvak,Thoughts? Who tf made this?,ERROR
