Name	title	coding
t3_1ov7e7u	Guru for free	
t3_1ow53by	Acco 330 Final Mock Exams	
t3_1oughr2	Are you a bored Concordia Student?	
t3_1otkp3b	PSA: Vote in the CSU By-elections (it matters)	
t3_1ovo9hv	“Bring the CSU Back to School”: Ryan Michon on his bid for CSU council	
t3_1ouepcn	has anyone been rejected from taking math 205 a third time?	
t3_1otkr48	don’t take fina 230	
t3_1ovopiq	Mandatory labs ? (Comm 213)	
t3_1oucu13	is there a way to get to the lib from bonnaventure walking underground or shortcuts ?	
t3_1ovlkj8	Spring 2026 Convocations??	
t3_1otmzkk	Had a question regarding labs comp 248	
t3_1ow4c2f	Mark 201/Comm 223 Final Exam	
t3_1ou1a9x	Have You Seen The Man In The Walls	
t3_1ovbitd	BIOL206 thoughts	
t3_1ouhdz7	whats the math 208 midterm average	
t3_1ow4fl0	ENGR233 CLASS PROJECT ALEXANDRE PARADIS SECTION P	
t3_1ouf0ad	How do I vote in the CSU elections?	
t3_1otuh4e	Comm225 CRASHCOURSE	
t3_1ovkpf8	econ 203	
t3_1ov7hdq	Is transit back?	
t3_1otwo00	Need some advice	
t3_1ouu8nd	Isolation after immigration	
t3_1otvjj6	Thoughts?	
t3_1ov05de	Anyone wants to play ARC Raiders?	
t3_1ov84ij	I’m an undergraduate who just submitted applications for Fall 2026 to Concordia University. SGW Campus.	
t3_1otjr9x	CENGAGE SUCKS	
t3_1oudsyb	What do you do to kill time	
t3_1oumbjx	Jan 2026 intake	
t3_1otxsd8	Struggling with Discrete Math [COEN 231]	
t3_1ou1hf1	what are some electives i should take if i’m into screenwriting but not a film student?	
t3_1ovpvdy	Does anyone know about a job?	
t3_1ov9d05	Final Coen 231 advices	
t3_1ovde6d	Midterm 2 Comm 229 online ?	
t3_1ov7wg5	comm309 and acco310 final	
t3_1otycfu	Mature student Certificate program question	
t3_1ovrk8f	Print for cheap	
t3_1oufjxl	COMP 352 midterm grades + what's considered a Passing Letter grade for this course?	
t3_1ousxk0	GPA 2.70	
t3_1othtzt	Prof King	
t3_1otwzl4	SAE	
t3_1ou0mws	Any alternative for PEQ	
t3_1ovkr80	COEN 231 Prof Chadi Assi	
t3_1ouj3pb	mast 218	
t3_1otugwm	Comm221 CRASHCOURSE	
t3_1ovsi14	counting the days until this fuckass semester ends	
t3_1ovj4dq	Techno Montreal!	
t3_1oujqe6	tips for miae 221	
t3_1ovfh03	COMP 233 Tutoring Needed!!	
t3_1ouwbfk	Journalism	
t3_1ovkx8m	How to log into JMSB trading room computers	
